TIME,MAC,RSSI
1700146597.0731437,4B4FEA4DAA04,-71;
1700146597.0731437,5275709CC08B,-69;
1700146597.0731437,72C24645911B,-77;
1700146597.0731437,4B4FEC7B9933,-91;
1700146597.0731437,F434F0668786,-74;
1700146597.0731437,4B4FEA4DAA07,-78;
1700146597.0731437,B6B6865288C0,-85;
1700146597.0731437,B4FEA4DAA002,-73;
1700146597.0731437,4B4FEA4DAA04,-72;
1700146597.0731437,B4FEA4DAA0DC,-72;
1700146597.0731437,CEDB52679EE2,-78;
1700146597.0731437,F05136D722F0,-93;
